{
    "loss": 0.022728106006979942,
    "accuracy": 0.9899328947067261
}