{
    "loss": 0.22368864715099335,
    "accuracy": 0.9295302033424377
}